Letter,Product Name,Link,Description
A,ABAP,https://www.sap.com/uk/products/technology-platform/abap/environment.html,SAP BTP ABAP environment is the Platform-as-a-Service for ABAP developers. A cloud-optimised ABAP platform based on SAP HANA serves as a development and runtime environment for cloud apps utilising the service framework of SAP Business Technology Platform.
A,ABAP environments,https://www.sap.com/uk/products/technology-platform/abap.html,SAP BTP ABAP environment is the Platform-as-a-Service for ABAP developers. A cloud-optimised ABAP platform based on SAP HANA serves as a development and runtime environment for cloud apps utilising the service framework of SAP Business Technology Platform.
A,Advanced Event Mesh,https://www.sap.com/uk/products/technology-platform/integration-suite/advanced-event-mesh.html,Adopt scalable event-driven process integration patterns and support peak loads across environments.
A,AI Foundation,https://www.sap.com/uk/products/artificial-intelligence/ai-foundation-os.html,Accelerate AI-driven innovation with SAP's foundational AI operating system. Build and extend AI solutions or run and orchestrate business AI workload at scale.
A,Career and Talent Development,https://www.sap.com/uk/products/hcm/career-talent-development.html,Talent development transforms organisations by upskilling employees to boost productivity. Explore career pathing and AI talent tools for internal mobility.
A,Guided buying,https://www.sap.com/uk/products/spend-management/procure-to-pay/features/guided-buying.html,See how the guided buying capability from SAP offers a simple way to buy from preferred suppliers while complying with procurement processes and policies.
A,Identity and Access Management,https://www.sap.com/uk/products/financial-management/identity-management.html,"Manage user identities, control access, and unify authentication seamlessly across cloud and hybrid systems with SAP identity and access management solutions."
A,Joule,https://www.sap.com/uk/products/artificial-intelligence/ai-assistant.html,"Joule is an AI solution that helps teams act with clarity and collaborate without silos. With AI agents for all core functions, powered by SAP business process expertise, your AI strategy scales faster and wider."
A,Joule Agents,https://www.sap.com/uk/products/artificial-intelligence/ai-agents.html,Discover how to drive productivity at enterprise scale with Joule Agents—ready-to-use AI agents that automate complex workflows with trusted SAP intelligence.
A,Joule for developers,https://www.sap.com/uk/products/artificial-intelligence/joule-for-developers.html,SAP Joule for Developers helps developers supercharge application development and automation with AI capabilities in SAP Build.
A,Joule Studio,https://www.sap.com/uk/products/artificial-intelligence/joule-studio.html,"Build, deploy, and manage AI agents and Joule skills intuitively with drag-and-drop simplicity to improve solve business challenges and improve efficiency."
A,PLM System Integration,https://www.sap.com/uk/products/scm/plm-integration.html,"Explore benefits, capabilities, and technical information for ERP and PLM integration."
A,PostgreSQL on SAP BTP - hyperscaler option,https://www.sap.com/uk/products/technology-platform/postgresql-on-sap-btp-hyperscaler-option.html,"Secure and scalable managed PostgreSQL service on hyperscalers for SAP BTP, with high availability, fault tolerance, and flexible database scaling."
A,Procurement expansion package for SAP Cloud ERP | SAP Ariba,https://www.sap.com/uk/products/spend-management/procurement-expansion-package.html,"Streamline P2P with an SAP Business Suite package that includes purchasing and fulfilment, catalogue management, and supplier collaboration capabilities."
A,Public Sector Procurement Solutions | SAP Ariba,https://www.sap.com/uk/products/spend-management/public-sector-procurement-solutions.html,Explore SAP Ariba public sector procurement software and solutions that simplify and inform the buying process from research to purchase.
A,RISE with SAP,https://www.sap.com/uk/products/erp/rise.html,"Discover SAP Rise, the all-in-one cloud ERP solution, enabling business growth and innovation. Elevate your business with SAP's forward-thinking technology."
A,SAP 3D Visual Enterprise,https://www.sap.com/uk/products/scm/product-visualization.html,Accelerate decision making and boost product quality and productivity – with SAP software that integrates 3D visualisation and business data.
A,SAP Absence and Leave Management,https://www.sap.com/uk/products/hcm/leave-absence-management.html,Manage requests for employee leave of absence efficiently with SAP Absence and Leave Management by WorkForce Software.
A,SAP Access Control,https://www.sap.com/uk/products/financial-management/access-control.html,Discover how the SAP Access Control application streamlines managing and validating user access to on-premises financial management applications and data.
A,SAP Access Violation Management by Pathlock,https://www.sap.com/uk/products/financial-management/access-violation-management.html,Enhance regulatory compliance and risk management with SAP Access Violation Management by Pathlock to centralise governance and minimise access violations.
A,SAP Account Substantiation and Automation by BlackLine,https://www.sap.com/uk/products/financial-management/account-substantiation-automation-blackline.html,Streamline financial close cycles with the SAP Account Substantiation and Automation for enhanced compliance and seamless reconciliation workflows.
A,SAP Adaptive Server Enterprise,https://www.sap.com/uk/products/data-cloud/sybase-ase.html,"Drive faster, more reliable online transaction processing (OLTP) for less with SAP Adaptive Server Enterprise. The high-performance SQL database server uses a relational model to power transaction-based application on premise or in the cloud."
A,SAP Advanced Data Migration and Management by Syniti,https://www.sap.com/uk/products/data-cloud/advanced-data-migration-software.html,"Connect, prepare, and validate data prior to loading – and migrate to SAP applications faster – with data migration software and management by Syniti."
A,SAP Advanced Financial Closing,https://www.sap.com/uk/products/financial-management/advanced-financial-closing.html,Transform your finance department through enhanced efficiency and compliance with intelligent automation with the SAP Advanced Financial Closing solution.
A,SAP Advanced Planning and Optimization,https://www.sap.com/uk/products/scm/advanced-planning-optimization.html,Balance supply and demand planning across your global supply chain – with SAP Advanced Planning and Optimisation (SAP APO).
A,SAP Advanced Track and Trace for Pharmaceuticals on SAP S/4HANA,https://www.sap.com/uk/products/scm/track-trace-pharmaceuticals.html,Combat drug counterfeiting to protect your customers and business with serialisation capabilities from SAP Advanced Track and Trace for Pharmaceuticals.
A,SAP Agent Lifecycle Management,https://www.sap.com/uk/products/crm/agent-lifecycle-mgmt.html,"Discover how you can streamline processes, enhance collaboration, and drive agent productivity with SAP Agent Lifecycle Management."
A,SAP Agent Performance Management,https://www.sap.com/uk/products/crm/agent-performance-management.html,"See how SAP Agent Performance Management can help you streamline agent onboarding, compliance, and incentive compensation management."
A,SAP Agricultural Contract Management,https://www.sap.com/uk/products/financial-management/agricultural-contract.html,"Explore SAP’s enhanced contract management application for agricultural commodities, seamlessly integrating data and ensuring compliance for financial accounting."
A,SAP Agricultural Origination Portal,https://www.sap.com/uk/products/scm/agricultural-origination-portal.html,"Enhance experiences for your farmers with SAP Agricultural Origination Portal, which provides quick insight into contracts, deliveries, and more."
A,SAP Analytics Cloud,https://www.sap.com/uk/products/data-cloud/cloud-analytics.html,Learn how cloud analytics technology enables data visualisation and improved business intelligence with SAP Analytics Cloud.
A,SAP Application Interface Framework,https://www.sap.com/uk/products/technology-platform/application-interface-mgmt.html,"Build, deploy, monitor, analyse, and manage your application interfaces from a single, centralised location with the SAP Application Interface Framework tool."
A,SAP Archiving and Document Access by OpenText,https://www.sap.com/uk/products/technology-platform/documents-access-archiving.html,"Store, archive, and retrieve all types of documents used in SAP processes and applications with our archiving and document access software."
A,SAP Ariba Buying and Invoicing,https://www.sap.com/uk/products/spend-management/procure-to-pay.html,"Learn how you can increase visibility, control, and compliance across spend-related processes with procure-to-pay applications from SAP."
A,SAP Ariba Catalog,https://www.sap.com/uk/products/spend-management/ariba-catalog.html,Provide employees with user-friendly procurement catalogue content to help them buy from the right suppliers at the right prices with SAP Ariba Catalog.
A,SAP Ariba Category Management,https://www.sap.com/uk/products/spend-management/category-management-software.html,Explore how SAP Ariba Category Management software digitalises and streamlines category strategies for more efficient category management in procurement.
A,SAP Ariba Central Procurement,https://www.sap.com/uk/products/spend-management/centralized-procurement.html,"Discover how the SAP Ariba Central Procurement solution enhances spend visibility, centralises demand and contract management, and enables a centre-led procurement model."
A,SAP Ariba Contracts,https://www.sap.com/uk/products/spend-management/contract-management-software.html,"AI-powered contract management software from SAP streamlines contracting to boost compliance, reduce risk, improve supplier relationships, and increase savings."
A,SAP Ariba Direct Materials Sourcing,https://www.sap.com/uk/products/spend-management/direct-procurement-software.html,Transform direct procurement with SAP sourcing software. Streamline source-to-contract processes for direct materials through collaboration and efficiency.
A,SAP Ariba Invoice Management,https://www.sap.com/uk/products/spend-management/ariba-invoice-management.html,Electronic invoice management software from SAP can help you eliminate exceptions and enforce compliance to unlock value trapped inside your payables.
A,SAP Ariba Invoicing,https://www.sap.com/uk/products/spend-management/ariba-invoicing.html,"Discover how SAP Ariba Invoicing delivers smart, AI-driven invoice processing automation with a modern user experience to transform accounts payable efficiency."
A,SAP Ariba Snap,https://www.sap.com/uk/products/spend-management/ariba-snap.html,"Start controlling spend in 12 weeks or less with SAP Ariba Snap, a program that offers procurement solutions priced to meet your company’s needs."
A,SAP Ariba Sourcing,https://www.sap.com/uk/products/spend-management/ariba-sourcing.html,"Achieve smarter sourcing with AI, automation, and integration to boost efficiency, make data-driven decisions, and drive better business outcomes."
A,SAP Ariba Supplier Lifecycle and Performance,https://www.sap.com/uk/products/spend-management/supplier-lifecycle.html,"Manage suppliers better, accelerate supplier onboarding, and drive spend to preferred suppliers with supplier lifecycle management tools from SAP."
A,SAP Ariba Supplier Risk,https://www.sap.com/uk/products/spend-management/supplier-risk.html,"Reduce supplier risk, support business continuity, and help buyers make smarter, safer purchasing decisions with the SAP Ariba Supplier Risk solution."
A,SAP Asset Information Workbench,https://www.sap.com/uk/products/data-cloud/asset-information-workbench.html,Use digital twinning to simplify asset master data governance for your organisation with SAP Asset Information Workbench by Prometheus Group.
A,SAP Asset Performance Management,https://www.sap.com/uk/products/scm/apm.html,Keep your business running smoothly by staying on top of asset health with predictive maintenance enabled by SAP Asset Performance Management.
A,SAP Audit Management,https://www.sap.com/uk/products/financial-management/audit-management.html,Automate internal auditing procedures with the SAP Audit Management application. Deliver high-quality GRC results with mobile solutions and data analytics.
A,SAP Batch Release Hub for Life Sciences,https://www.sap.com/uk/products/scm/batch-release-hub.html,"Make data-based batch release decisions with lean, efficient, and streamlined processes, leading to reduced effort and risk in complying with life sciences regulations."
A,SAP Billing and Revenue Innovation Management,https://www.sap.com/uk/products/financial-management/billing-revenue-innovation-management.html,"Use usage- and subscription-based business models with the scalable, automated capabilities of SAP Billing and Revenue Innovation Management (SAP BRIM) solutions."
A,SAP Broker Reconciliation for Commodity Derivatives,https://www.sap.com/uk/products/financial-management/broker-reconciliation-commodity-derivatives.html,"See how SAP's advanced, cloud-based solution automates broker reconciliation in commodity derivatives to improve financial accuracy and reduce risk exposure."
A,SAP Build,https://www.sap.com/uk/products/technology-platform/build.html,"Explore low-code solutions for building apps, automating processes, and creating employee or customer portals. Discover how to benefit from SAP Build."
A,SAP Build Apps,https://www.sap.com/uk/products/technology-platform/low-code-app-builder.html,"Quickly build apps with zero lines of code using SAP Build Apps simple, visual no-code app builder experience."
A,SAP Build Code,https://www.sap.com/uk/products/technology-platform/developer-tools.html,SAP Build Code simplifies development with tools and services designed for extending SAP apps
A,SAP Build Process Automation,https://www.sap.com/uk/products/technology-platform/process-automation.html,SAP Process Automation empowers everyone in your organisation to automate and transform business processes with an easy-to-use no-code experience.
A,SAP Build Process Automation add-on by UiPath,https://www.sap.com/uk/products/technology-platform/process-automation-extensions.html,"Enhance enterprise automation with the foundation add-ons by UiPath, integrated into SAP for seamless end-to-end RPA and AI-driven process execution."
A,SAP Build Work Zone,https://www.sap.com/uk/products/technology-platform/workzone.html,"Improve productivity company-wide by providing a personalised, integrated digital experience across multiple touch points with SAP Work Zone."
A,SAP Business Application Studio,https://www.sap.com/uk/products/technology-platform/business-application-studio.html,SAP Business Application Studio is a cloud-based professional developer tool for building applications and extending SAP solutions.
A,SAP Business ByDesign,https://www.sap.com/uk/products/erp/business-bydesign.html,"Effectively oversee and integrate your operations with SAP Business ByDesign, a flexible cloud-based ERP system tailored for midmarket businesses."
A,SAP Business Data Cloud,https://www.sap.com/uk/products/data-cloud.html,"Discover SAP Business Data Cloud, a comprehensive SaaS solution connecting all your mission-critical data, enabling actionable insights and reliable AI."
A,SAP Business Integrity Screening,https://www.sap.com/uk/products/financial-management/fraud-management.html,See SAP’s cutting-edge fraud detection and prevention solution—SAP Business Integrity Screening—with AI to proactively identify anomalies and mitigate risk.
A,SAP Business Network Asset Collaboration,https://www.sap.com/uk/products/business-network/asset-collaboration.html,Drive resiliency and transparency through collaborative asset definition and maintenance with SAP Business Network Asset Collaboration.
A,SAP Business Network Commerce Automation,https://www.sap.com/uk/products/business-network/commerce-automation.html,Achieve smooth procurement and supplier collaboration across your business with the fully integrated SAP Business Network Commerce Automation solution.
A,SAP Business Network Freight Collaboration,https://www.sap.com/uk/products/business-network/freight-collaboration.html,Learn how SAP Business Network Freight Collaboration streamlines logistics and warehouse operations to enable efficiency and resilience.
A,SAP Business Network Global Track and Trace,https://www.sap.com/uk/products/business-network/global-track-and-trace.html,Learn how SAP Business Network Global Track and Trace enhances supply and delivery assurance with real-time tracking to reduce disruption.
A,SAP Business Network Material Traceability,https://www.sap.com/uk/products/business-network/material-traceability.html,Create a chain of trust across your supply ecosystem with the SAP Business Network Material Traceability solution.
A,SAP Business Network Planning Collaboration,https://www.sap.com/uk/products/business-network/planning-collaboration.html,Learn how you can help assure supply by aligning with trading partners on supply and demand planning with SAP Business Network Planning Collaboration.
A,SAP Business Network Supply Chain Collaboration,https://www.sap.com/uk/products/business-network/supply-chain-collaboration.html,Discover how to connect digitally with trading partners to boost agility and growth with SAP Business Network Supply Chain Collaboration.
A,SAP Business One,https://www.sap.com/uk/products/erp/business-one.html,Gain greater control over your small business with the SAP Business One application. Streamline processes by using ERP software designed to grow with you.
A,SAP Business Planning and Consolidation,https://www.sap.com/uk/products/data-cloud/bpc.html,"Streamline planning and achieve a faster, more accurate close with the SAP Business Planning and Consolidation (SAP BPC) application."
A,SAP BusinessObjects Business Intelligence,https://www.sap.com/uk/products/data-cloud/bi-platform.html,Easily discover and share insights on our BI platform. This scalable information architecture gives all users self-service access to business intelligence.
A,SAP Cash Application,https://www.sap.com/uk/products/financial-management/cash-application.html,SAP Cash Application provides intelligent receivable matching automation that handles manually intensive financial processes.
A,SAP Central Finance Master Data Replication by insightsoftware,https://www.sap.com/uk/products/financial-management/central-finance-master-data.html,"Speed deployments, lower costs, and deliver quality data for your finance operation with SAP Central Finance Data Harmonisation by insightsoftware for SAP S/4HANA."
A,SAP Central Finance Transaction Replication by insightsoftware,https://www.sap.com/uk/products/financial-management/central-finance-transaction-replication.html,"Support a successful, cost-effective implementation of SAP S/4HANA for central finance foundation with SAP Central Finance Transaction Replication."
A,SAP Change Impact Analysis by Tricentis,https://www.sap.com/uk/products/technology-platform/change-impact-analysis.html,"Know the effects of software changes, updates, and upgrades across end-to-end processes with the SAP Change Impact Analysis application by Tricentis."
A,SAP Channel Program Management by Vistex,https://www.sap.com/uk/products/crm/channel-program-management.html,Learn how the SAP Channel Program Management solution by Vistex helps you increase sales and profits with better trade and channel programmes.
A,SAP Cloud Appliance Library,https://www.sap.com/uk/products/technology-platform/cloud-appliance-library.html,"Quickly test, deploy, and use the latest SAP applications in the cloud. SAP Cloud Appliance Library tool provides an online repository of preconfigured virtual appliances to get you up and running in record time."
A,SAP Cloud ERP,https://www.sap.com/uk/products/erp/s4hana.html,"Get started today with our public cloud ERP software solution, SAP S/4HANA Cloud Public Edition. This offering is hosted by SAP and runs on the industry standard so you can quickly get up and running with cloud ERP."
A,SAP Cloud ERP Private,https://www.sap.com/uk/products/erp/s4hana-private-edition.html,"Learn about SAP Cloud ERP Private, our cloud ERP that can be customised to meet all your business needs and hosted by SAP, a hyperscaler, or on your own data centre."
A,SAP Cloud for Energy,https://www.sap.com/uk/products/scm/cloud-for-energy.html,Discover how SAP Cloud for Energy optimizes supply chain management in the energy sector.
A,SAP Cloud Identity Access Governance,https://www.sap.com/uk/products/financial-management/cloud-iam.html,Streamline and simplify identity and access management (IAM) in complex cloud environments with SAP Cloud Identity Access Governance software.
A,SAP Commerce Cloud,https://www.sap.com/uk/products/crm/commerce-cloud.html,"Discover AI-assisted e-commerce software from SAP that drives digital growth and demand, providing unified buying experiences to convert visitors into customers."
A,SAP Commerce Marketplace Management by Mirakl,https://www.sap.com/uk/products/crm/commerce-marketplace-management.html,"Create, launch, and run an online marketplace with the SAP Commerce Marketing Management application by Mirakl, so you can build and expand offerings."
A,SAP Commodity Management,https://www.sap.com/uk/products/scm/commodity-management.html,Achieve accuracy across market conditions and enhance enterprise security with the SAP Commodity Management solution for streamlined procurement and risk management.
A,SAP Complaint Handling,https://www.sap.com/uk/products/scm/complaint-handling.html,"Centralize processes for seamless, end-to-end resolution and improve customer satisfaction with complaint management software from SAP."
A,SAP Content Management Core by OpenText | Content Management,https://www.sap.com/uk/products/technology-platform/content-management-core.html,"Manage unstructured content with SAP Content Management Core by OpenText. Enhance compliance, collaboration, and productivity while streamlining workflows and ensuring secure, scalable content management."
A,SAP Content Stream by Skillsoft,https://www.sap.com/uk/products/hcm/content-stream-skillsoft.html,Help learners meet their goals with an intelligent digital learning experience from SAP Content Stream by Skillsoft.
A,SAP Convergent Mediation by DigitalRoute,https://www.sap.com/uk/products/financial-management/convergent-mediation.html,"Monetize business models with SAP Convergent Mediation by DigitalRoute, which delivers consistent, consolidated, and transparent data to stakeholders."
A,SAP Corporate Serialization,https://www.sap.com/uk/products/scm/corporate-serialization.html,"Enable product lifecycle intelligence with SAP Corporate Serialisation, which provides a unique identifier repository and serial number management."
A,SAP CPQ,https://www.sap.com/uk/products/financial-management/cpq.html,"Discover how SAP CPQ software empowers sales teams with intuitive quote-to-cash management tools for faster, more accurate quotes and strategic decision-making."
A,SAP Crystal Reports,https://www.sap.com/uk/products/data-cloud/crystal-reports.html,"Easily create BI reports for colleagues, customers, and partners in the format of their choice with SAP Crystal Reports."
A,SAP Crystal Server,https://www.sap.com/uk/products/data-cloud/crystal-server.html,"Equip your small business with core business intelligence (BI) tools – including dashboards, data exploration, analytics, and reporting – from SAP Crystal Server software."
A,SAP Crystal Solutions,https://www.sap.com/uk/products/data-cloud/crystal-bi.html,"Improve reports, dashboards, data discovery, and data visualisation with SAP Crystal solutions – affordable business intelligence for small business."
A,SAP Customer Activity Repository applications bundle,https://www.sap.com/uk/products/crm/customer-activity-repository.html,"Collect, cleanse, and centralise customer and point-of-sale data for analysis in real time with SAP Customer Activity Repository applications bundle."
A,"SAP Customer Checkout, cloud edition",https://www.sap.com/uk/products/crm/pos-customer-checkout.html,"SAP Customer Checkout, cloud edition is a point-of-sale solution providing POS management, real-time sales data, ERP integration, loyalty programmes, and coupons."
A,SAP Customer Data Platform,https://www.sap.com/uk/products/data-cloud/customer-data-platform.html,SAP Customer Data Platform and customer data management solutions from SAP provide an enterprise solution for increased conversion rates and enhanced customer experiences.
A,SAP Customer Identity and Access Management,https://www.sap.com/uk/products/technology-platform/customer-identity.html,"SAP CIAM helps protect customer identities and manage consent, delivering secure, scalable, and seamless digital experiences while meeting global privacy regulations."
A,SAP Dairy Management by msg,https://www.sap.com/uk/products/scm/dairy-management.html,Balance incoming milk components and control production processes to detect quantity and value loss with the SAP Dairy Management application by msg.
A,SAP Data Intelligence Cloud,https://www.sap.com/uk/products/data-cloud/data-intelligence.html,Connect data assets and transform them into critical business insights with the SAP Data Intelligence Cloud service.
A,SAP Data Maintenance by Vistex,https://www.sap.com/uk/products/data-cloud/data-maintenance.html,"Make data maintenance for ERP a business priority using software from SAP to manage product, pricing, customer, vendor, and partner data."
A,"SAP Data Quality Management, microservices for location data",https://www.sap.com/uk/products/data-cloud/data-quality-management.html,"Enhance contact data quality by embedding address cleansing, validation, and geocoding into any business process or application interface – with SAP Data Quality Management, microservices for location data."
A,SAP Data Services,https://www.sap.com/uk/products/data-cloud/data-services.html,"Unlock meaning from all of your organisation’s data – structured or unstructured – with SAP Data Services software. Turn your data into a trusted, ever-ready resource with some of the very best functionality for data integration, quality, and cleansing."
A,SAP Datasphere,https://www.sap.com/uk/products/data-cloud/datasphere.html,"SAP Datasphere, a comprehensive data service that enables your business to deliver scalable access to mission-critical data for more impactful decisions."
A,SAP Deskless Worker Experience,https://www.sap.com/uk/products/hcm/deskless-worker-experience.html,Empower frontline deskless workers to stay connected and perform at their best with the SAP Deskless Worker Experience add-on by WorkForce Software.
A,SAP Digital Access,https://www.sap.com/uk/products/financial-management/digital-access.html,Gain visibility into how third-party applications interact with your SAP digital core using document-based measurement.
A,SAP Digital Asset Management Cloud by OpenText,https://www.sap.com/uk/products/crm/digital-asset-management.html,Use rich media to promote your brand and marketing messaging with digital asset management software.
A,SAP Digital Manufacturing,https://www.sap.com/uk/products/scm/digital-manufacturing.html,"Boost the visibility of manufacturing operations management with SAP Digital Manufacturing, a cloud MES based on near real-time data and analytics."
A,SAP Digital Vehicle Suite,https://www.sap.com/uk/products/scm/digital-vehicle-suite.html,"Enhance vehicle operations and management with SAP Digital Vehicle Suite, a suite of solutions that helps create connected and efficient fleets."
A,SAP Document AI,https://www.sap.com/uk/products/artificial-intelligence/ai-foundation-os/document-ai.html,"Automate your document workflows with SAP Document AI, designed to streamline data extraction and reduce manual errors for enhanced productivity."
A,SAP Document and Reporting Compliance,https://www.sap.com/uk/products/financial-management/document-reporting-compliance.html,"Optimise financial reporting and risk management with the SAP Document and Reporting Compliance solution, integrated with Concur Invoice and Expense."
A,"SAP Document and Reporting Compliance, cloud edition, starter option",https://www.sap.com/uk/products/financial-management/document-and-reporting-compliance-cloud-edition-starter-option.html,Enable e-invoice processing and expense receipt validation
A,SAP Document Presentment by OpenText,https://www.sap.com/uk/products/technology-platform/document-presentment.html,Maximise the impact of customer communications by creating documents personalised for each customer with SAP Document Presentment application by OpenText.
A,SAP E-Mobility,https://www.sap.com/uk/products/scm/e-mobility.html,"Build, run, and manage electric vehicle charging networks with integration into end-to-end billing processes on one platform with SAP E-Mobility."
A,SAP Enable Now,https://www.sap.com/uk/products/hcm/enable-now.html,Unleash full power of SAP solutions by providing scalable end-user training tools to quickly build the skills that add the most value to your company.
A,SAP Engagement Cloud,https://www.sap.com/uk/products/crm/engagement-cloud.html,"Learn how Engagement Cloud unifies customer data across CRM, marketing, and service to power personalised, real-time omnichannel engagement."
A,SAP Engineering Control Center,https://www.sap.com/uk/products/scm/engineering-control-center.html,Support product development by integrating business data and design data from authoring tools on a single platform with SAP Engineering Control Center.
A,SAP Enterprise Continuous Testing by Tricentis,https://www.sap.com/uk/products/technology-platform/enterprise-continuous-testing.html,"Streamline testing across SAP and third-party software with advanced automation, AI, and risk-based test plans."
A,SAP Enterprise Data Integrity Testing by Tricentis,https://www.sap.com/uk/products/technology-platform/enterprise-data-testing.html,Automate data testing to maintain data accuracy —wherever your data travels and whatever happens to it on its journey.
A,SAP Enterprise Performance Testing by Tricentis,https://www.sap.com/uk/products/technology-platform/enterprise-performance-testing.html,The SAP Enterprise Performance Testing by Tricentis gives you real-time visibility into enterprise application performance.
A,SAP Enterprise Portfolio and Project Management,https://www.sap.com/uk/products/scm/project-portfolio-management.html,Optimise resources and accelerate time to market with processes and data centralised with the SAP Enterprise Portfolio and Project Management package.
A,SAP Enterprise Service Management,https://www.sap.com/uk/products/crm/enterprise-service-management.html,"Explore SAP Enterprise Service Management capabilities and benefits. See how to drive efficiency, add flexibility, elevate operations with AI."
A,SAP Enterprise Threat Detection,https://www.sap.com/uk/products/financial-management/enterprise-threat-detection.html,"Protect your enterprise with SAP Enterprise Threat Detection, delivering real-time security intelligence to detect, analyse, and neutralize threats."
A,SAP Entitlement Management,https://www.sap.com/uk/products/financial-management/entitlement-management.html,Simplify and automate entitlement management processes and operations for intelligent business models by using the SAP Entitlement Management solution.
A,SAP ERP,https://www.sap.com/uk/products/erp/what-is-sap-erp.html,"ERP stands for enterprise resource planning. It's a business management software that manages finance, operations, supply chains, reporting, manufacturing, HR."
A,SAP Event Ticketing,https://www.sap.com/uk/products/crm/event-ticketing.html,"Sell more admission tickets with SAP Event Ticketing software, our advanced cloud ticketing platform for the sports and entertainment industries."
A,SAP Excise Tax Management by Vistex,https://www.sap.com/uk/products/financial-management/excise-tax-management.html,Discover how SAP Excise Tax Management by Vistex lowers costs and improves accuracy and compliance through centralised data and automated calculations.
A,SAP Extended Enterprise Content Management by OpenText,https://www.sap.com/uk/products/technology-platform/enterprise-content-management.html,"Connect unstructured content to your business processes with the SAP Extended Enterprise Content Management application by OpenText, our ECM software."
A,SAP Extended Price Management by Vistex,https://www.sap.com/uk/products/crm/extended-price-management-by-vistex.html,"Define and execute pricing strategies, including list, discount, and promotional pricing, with the SAP Extended Price Management solution by Vistex."
A,SAP Extended Warehouse Management,https://www.sap.com/uk/products/scm/extended-warehouse-management.html,"Manage high-volume warehouse operations with SAP Extended Warehouse Management – a modern, automated warehouse management system (WMS) that integrates supply chain logistics."
A,SAP Field Service Management,https://www.sap.com/uk/products/scm/field-service-management.html,"Digitalise field service schduling and contingent workforce management - improve first-time fix rates, resolve issue faster, increase customer satisfaction"
A,SAP Fieldglass Contingent Workforce Management,https://www.sap.com/uk/products/hcm/contingent-workforce-management.html,"Optimise the management of consultants, freelancers, temporary workers, and other external talent with SAP Fieldglass Contingent Workforce Management."
A,SAP Fieldglass Services Procurement,https://www.sap.com/uk/products/spend-management/services-procurement.html,"Use one holistic services procurement solution to track the who, what, where, when, why, and how of each project to meet demand and support project success."
A,SAP Fieldglass Worker Profile Management,https://www.sap.com/uk/products/hcm/worker-profile-management.html,Manage and track nontraditional external workers efficiently in a single system by using the SAP Fieldglass Worker Profile Management application.
A,SAP Global Batch Traceability,https://www.sap.com/uk/products/scm/global-batch-traceability.html,Get instant insight into your corporate batch genealogies and their distribution by unifying them with the SAP Global Batch Traceability application.
A,SAP Global Trade Services,https://www.sap.com/uk/products/financial-management/global-trade-management.html,Manage international commerce with confidence and SAP Global Trade Services to ensure regulatory compliance and accelerate supply chain operations.
A,SAP Green Token,https://www.sap.com/uk/products/scm/green-token.html,Supply chain compliance software tracks raw material sustainability and ensures regulatory compliance using chain of custody accounting and tokenization.
A,SAP Grower Management for Perishables by Vistex,https://www.sap.com/uk/products/scm/grower-management-for-perishables.html,Simplify the relationship between buyers and growers of fruits and vegetables with the SAP Grower Management for Perishables application by Vistex.
A,SAP HANA Cloud,https://www.sap.com/uk/products/data-cloud/hana.html,SAP HANA Cloud is a single database as a service (DBaaS) foundation for modern applications and analytics across all enterprise data.
A,SAP Incentive Administration by Vistex,https://www.sap.com/uk/products/crm/incentive-administration.html,Analyse incentive programmes and reporting results to boost sales and customer satisfaction – with SAP Incentive Administration by Vistex.
A,SAP Incentive Management,https://www.sap.com/uk/products/crm/incentive-compensation-management.html,"SAP SuccessFactors Incentive Compensation Management helps businesses automate and optimize sales incentives. Improve accuracy, reduce errors, and boost sales team performance with a scalable solution."
A,SAP Information Lifecycle Management,https://www.sap.com/uk/products/technology-platform/information-lifecycle-management.html,Improve system performance by archiving data to low-cost storage according to data retention rules – with SAP Information Lifecycle Management.
A,SAP Information Steward,https://www.sap.com/uk/products/data-cloud/data-profiling-steward.html,"Maximise data integrity with SAP Information Steward software. The combination of data profiling, data lineage, and metadata management tools provides continuous insight into your enterprise data model."
A,SAP Integrated Business Planning,https://www.sap.com/uk/products/scm/integrated-business-planning.html,"Synchronise supply chain planning in real time, including S&OP, demand and supply planning, and inventory optimisation, with SAP Integrated Business Planning."
A,SAP Integrated Product Development,https://www.sap.com/uk/products/scm/integrated-product-development.html,Accelerate product development and reduce costs by enabling collaborative innovation with the SAP Integrated Product Development solution.
A,SAP Integration Suite | Integration Software,https://www.sap.com/uk/products/technology-platform/integration-suite.html,"SAP Integration Suite connects applications, processes, and devices. The integration layer of SAP’s Business Technology Platform, it harmonises processes."
A,SAP Intelligent Agriculture,https://www.sap.com/uk/products/scm/intelligent-agriculture.html,"Explore how SAP Intelligent Agriculture helps you digitalise your agribusiness processes, optimise planning, and improve productivity."
A,SAP Intelligent Clinical Supply Management,https://www.sap.com/uk/products/scm/intelligent-clinical-supply-management.html,Learn how clinical trial management software from SAP can help you create a clinical trial value chain fit for the needs of today and tomorrow.
A,SAP Intercompany Governance by BlackLine,https://www.sap.com/uk/products/financial-management/intercompany-governance-blackline.html,Centralise and streamline sub-ledger details and intercompany transactions and data with the SAP Intercompany Governance application by BlackLine.
A,SAP Invoice Management by OpenText,https://www.sap.com/uk/products/financial-management/invoice-management.html,Simplify the creation and management of purchase orders and invoices to streamline your entire accounts payable operation – with SAP Invoice Management by OpenText.
A,SAP IQ,https://www.sap.com/uk/products/data-cloud/sybase-iq-big-data-management.html,"Make Big Data your biggest ally with SAP IQ software, our extreme-scale relational database management system (RDBMS)."
A,SAP Joule for Consultants,https://www.sap.com/uk/products/artificial-intelligence/ai-assistant/sap-consulting-capability.html,Make consultants more efficient on SAP projects with AI assistance grounded in the most up-to-date and comprehensive knowledge base of SAP-focused content.
A,SAP Knowledge Central by NICE,https://www.sap.com/uk/products/crm/knowledge-management.html,Improve customer service by delivering relevant product information quickly with knowledge management functionality in SAP Knowledge Central by NICE.
A,SAP Knowledge Graph,https://www.sap.com/uk/products/artificial-intelligence/ai-foundation-os/knowledge-graph.html,See how SAP Knowledge Graph enables Joule and AI agents to provide insights and business recommendations based on your customer database.
A,SAP Landscape Transformation,https://www.sap.com/uk/products/data-cloud/landscape-transformation.html,"Streamline your business and IT landscape with our landscape transformation software, support, and training."
A,SAP Landscape Transformation Replication Server,https://www.sap.com/uk/products/data-cloud/landscape-replication-server.html,Get real-time insights by moving your data from your IT systems and networks to SAP HANA in real time with SAP Landscape Transformation Replication Server.
A,SAP LeanIX,https://www.sap.com/uk/products/business-transformation-management/enterprise-architecture-management.html,"SAP LeanIX gives your business a common language and single source of truth to make your transformations happen better, faster and with greater impact."
A,SAP Linear Asset Management,https://www.sap.com/uk/products/scm/linear-asset-management.html,"Safeguard linear assets including roads, rails, pipelines, and electricity transmission lines with SAP Linear Asset Management software."
A,SAP Management of Change,https://www.sap.com/uk/products/scm/management-of-change-moc.html,Keep your industrial workers safe with real-time visibility into risks and hazards – and instant action – with SAP Connected Worker Safety.
A,SAP Market Rates Management,https://www.sap.com/uk/products/financial-management/market-rates-management.html,"Access and manage various types of market data by using the elegant, pre-configured capabilities of the SAP Market Rates Management application."
A,SAP Master Data Governance,https://www.sap.com/uk/products/data-cloud/master-data-governance.html,Consolidate and govern your master data and ensure data quality and consistency across your organisation with the SAP Master Data Governance application.
A,"SAP Master Data Governance, EAM extension",https://www.sap.com/uk/products/data-cloud/master-data-governance-eam.html,"Unify and simplify governance of asset data with SAP Master Data Governance, enterprise asset management extension by Prometheus Group."
A,"SAP Master Data Governance, retail and fashion management extension",https://www.sap.com/uk/products/data-cloud/master-data-governance-fashion-retail.html,"Unify, automate, and rationalize your master data with SAP Master Data Governance, retail and fashion management extension by Prometheus Group."
A,SAP Meat and Fish Management by msg,https://www.sap.com/uk/products/scm/management-meat-fish.html,"Simplify data storage, processing, and flow across your meat-processing business with the SAP Meat and Fish Management application by msg."
A,SAP Multi-Bank Connectivity,https://www.sap.com/uk/products/financial-management/multi-bank-connectivity.html,Simplify and speed interaction between corporations and financial institutions with our cloud-based financial services network solution.
A,SAP Omnichannel Promotion Pricing,https://www.sap.com/uk/products/crm/omnichannel-promotion-pricing.html,Provide consistent promotional pricing across your sales and engagement channels with the SAP Omnichannel Promotion Pricing solution.
A,SAP Omnichannel Sales Transfer and Audit,https://www.sap.com/uk/products/crm/omnichannel-sales-transfer-and-audit.html,Transform raw sales transactions into valuable validated data to increase customer satisfaction with the SAP Omnichannel Sales Transfer and Audit solution.
A,SAP Order Management for sourcing and availability,https://www.sap.com/uk/products/crm/sourcing-and-availability.html,See how you can optimise omnichannel retail with distributed order management functionality in SAP Order Management for sourcing and availability.
A,SAP Order Management foundation,https://www.sap.com/uk/products/crm/order-management-system.html,Discover how the SAP Order Management foundation maximises inventory productivity and enhances customer experience.
A,SAP Paybacks and Chargebacks by Vistex,https://www.sap.com/uk/products/crm/paybacks-chargebacks.html,Discover how SAP Paybacks and Chargebacks by Vistex helps you manage the chargeback process cycle – from claim initiation and receipt through post-settlement adjustment.
A,SAP Price Staging Hub by Vistex,https://www.sap.com/uk/products/financial-management/price-staging-hub.html,"Ensure consistent and accurate pricing with near-real-time price recalculations, price catalogue management, and high-volume price retrieval with SAP Price Staging Hub by Vistex."
A,SAP Process Control,https://www.sap.com/uk/products/financial-management/internal-control.html,Discover how SAP Process Control enables you to simplify your internal control programmes with automated control and compliance management.
A,SAP Product and Process Governance by BDF,https://www.sap.com/uk/products/scm/product-and-process-governance.html,Process customer orders more efficiently by integrating processes and synchronising product data using SAP Product and Process Governance by BDF.
A,SAP Product Lifecycle Costing,https://www.sap.com/uk/products/scm/product-lifecycle-costing.html,Reduce overhead costs and keep product costs and quotations in line with strategic targets using SAP Product Lifecycle Costing.
A,SAP Profitability and Performance Management,https://www.sap.com/uk/products/financial-management/profitability-and-performance-management.html,See how SAP Profitability and Performance Management enhances financial and operational efficiency with advanced business modelling and real-time insights.
A,SAP Project and Resource Management,https://www.sap.com/uk/products/scm/project-resource-management.html,"Establish a common data environment to facilitate collaboration with project participants, share information across teams, and optimise resource management."
A,SAP Recommerce,https://www.sap.com/uk/products/crm/recommerce.html,"See how SAP Recommerce helps you manage circular commerce, creating new revenue streams, increasing customer loyalty, and meeting sustainability goals."
A,SAP Replication Server,https://www.sap.com/uk/products/data-cloud/data-replication-integration.html,Power real-time data integration and movement across your enterprise with our proven data replication software from SAP.
A,SAP Responsible Design and Production,https://www.sap.com/uk/products/scm/responsible-design-and-production.html,SAP Responsible Design and Production enables sustainable and compliant supply chain management. Optimize product lifecycle processes while meeting ESG and regulatory requirements.
A,SAP Revenue Growth Management,https://www.sap.com/uk/products/crm/revenue-growth-management.html,Maximise trade promotion ROI and improve budget planning with a billing and revenue growth management solution from SAP.
A,SAP Rights and Royalty Management by Vistex,https://www.sap.com/uk/products/financial-management/ip-rights-and-royalty-management.html,Optimise your IP strategy with SAP Rights and Royalty Management by Vistex. Manage contracts and royalties and optimise assets in a single solution.
A,SAP Risk and Assurance Management,https://www.sap.com/uk/products/financial-management/financial-compliance-management.html,Automate internal controls over financial reporting containing content from SAP S/4HANA with the SAP Risk and Assurance Management application.
A,SAP Risk Management,https://www.sap.com/uk/products/financial-management/risk-management.html,"Manage risk efficiently with SAP Risk Management, an AI-powered enterprise risk management (ERM) application for real-time insights and enhanced resilience."
A,SAP Rural Sourcing Management,https://www.sap.com/uk/products/scm/agriculture-supply-chain-mgmt.html,Connect farmers to your agriculture supply chain and get full visibility into your material sources with the SAP Rural Sourcing Management solution.
A,SAP S/4HANA Asset Management for resource scheduling,https://www.sap.com/uk/products/scm/resource-scheduling.html,Transform maintenance planning and resource scheduling processes with actionable insight derived from SAP S/4HANA Asset Management for resource scheduling.
A,SAP S/4HANA Cloud for advanced payment mgt.,https://www.sap.com/uk/products/financial-management/advanced-payment-management.html,Optimise your financial processes with centralised bank connections and enhanced transparency with the SAP S/4HANA Cloud solution for advanced payment management.
A,SAP S/4HANA Cloud for cash management,https://www.sap.com/uk/products/financial-management/cash-management.html,"Drive confident cash flow forecasting with a real-time, accurate, and business-wide view from the SAP S/4HANA Cloud solution for cash management."
A,SAP S/4HANA Cloud for central finance,https://www.sap.com/uk/products/financial-management/central-finance.html,"Drive sustainable growth, centralise data, and reduce risk with the SAP S/4HANA Cloud solution for central finance."
A,SAP S/4HANA Cloud for contract accounting and invoicing,https://www.sap.com/uk/products/financial-management/cloud-accounting-invoicing.html,"Support high-volume invoicing, consumption, and subscription billing with the SAP S/4HANA Cloud solution for contract accounting and invoicing."
A,SAP S/4HANA Cloud for EHS workplace safety,https://www.sap.com/uk/products/scm/safety-management-software.html,Track safety compliance and incidents in the cloud with SAP S/4HANA Cloud for EHS.
A,SAP S/4HANA Cloud for receivables mgt.,https://www.sap.com/uk/products/financial-management/accounts-receivable-automation.html,"Save time, money, and effort related to key finance processes by automating accounts receivable with SAP S/4HANA Cloud for receivables management."
A,SAP S/4HANA Cloud for treasury and risk management,https://www.sap.com/uk/products/financial-management/treasury-risk-management.html,Automate treasury tasks and integrate them with core finance processes with greater ease. Explore SAP S/4HANA Cloud for treasury and risk management.
A,SAP S/4HANA Finance for group reporting,https://www.sap.com/uk/products/financial-management/s4hana-financial-consolidation.html,Enhance financial consolidation with SAP S/4HANA Finance for group reporting. Accelerate financial close processes with real-time data and streamlined reporting.
A,SAP S/4HANA for advanced ATP,https://www.sap.com/uk/products/scm/aatp.html,Enable accurate and feasible order confirmation based on real-time inventory information with the SAP S/4HANA solution for advanced ATP.
A,"SAP S/4HANA for contract, lease, and real estate mgt.",https://www.sap.com/uk/products/financial-management/real-estate-management.html,"Improve real estate management with SAP S/4HANA's intelligent IWMS solutions. Enhance decision-making, compliance, and efficiency."
A,SAP S/4HANA for fashion and vertical business,https://www.sap.com/uk/products/scm/s4hana-fashion.html,Amplify your brand value by managing your entire fashion business on an Intelligent ERP platform – SAP S/4HANA for fashion and vertical business.
A,SAP S/4HANA for product compliance,https://www.sap.com/uk/products/scm/product-compliance.html,Manage global product safety and compliance throughout the product lifecycle and secure your right to market your products with SAP S/4HANA for product compliance.
A,SAP S/4HANA for Spatial Asset Management,https://www.sap.com/uk/products/scm/spatial-asset-management.html,Learn how SAP S/4HANA for spatial asset management provides spatial insights so you can make map-driven user experiences and better manage operations.
A,SAP S/4HANA Manufacturing for planning and scheduling,https://www.sap.com/uk/products/scm/manufacturing-for-planning-and-scheduling.html,Extend the SAP S/4HANA digital core with production planning and scheduling software to optimise supply chain operations and drive efficiency.
A,SAP S/4HANA Manufacturing solutions,https://www.sap.com/uk/products/scm/s4hana-manufacturing-solutions.html,Optimise manufacturing planning and scheduling with SAP S/4HANA Production Planning Software. Boost enterprise-wide manufacturing collaboration and efficiency.
A,SAP S/4HANA Retail for merchandise management,https://www.sap.com/uk/products/scm/retail-merchandise-mgmt.html,Connect retail processes to increase efficiency and improve the end-to-end customer experience with SAP S/4HANA Retail for merchandise management.
A,SAP S/4HANA Supply Chain for extended service parts planning,https://www.sap.com/uk/products/scm/extended-service-parts-planning.html,Get the right parts in the right place at the right time by using the SAP S/4HANA Supply Chain solution for extended service parts planning.
A,SAP Sales Cloud,https://www.sap.com/uk/products/crm/sales-cloud.html,"Increase sales revenue and customer engagement with SAP Sales Cloud, a customer relationship management (CRM) solution, and AI for sales."
A,SAP Secure Login Service,https://www.sap.com/uk/products/financial-management/secure-login-service-for-gui.html,"Give business users a productive, secure environment they need to get work done with the single sign-on service, SAP Secure Login Service for SAP GUI."
A,SAP Self-Service Accelerator for Utilities by SEW,https://www.sap.com/uk/products/crm/self-service-accelerator.html,"Engage utility customers with self-service capabilities, online or through a mobile device, with SAP Self-Service Accelerator for Utilities by SEW."
A,SAP Service and Asset Manager,https://www.sap.com/uk/products/scm/asset-manager.html,"Streamline asset management with our cloud-based app for iOS and Android. Access data visualisations, digital work orders, workflows, and contextual insights."
A,SAP Service Cloud,https://www.sap.com/uk/products/crm/service-cloud.html,Learn how the SAP Service Cloud connects customer contacts from different channels in one solution to enable a consistent service experience across any channel.
A,SAP Single Sign-On,https://www.sap.com/uk/products/financial-management/single-sign-on-solution.html,"Secure user authentication, strengthen security, streamline administration, and enhance user experience with the SAP Single Sign-On application (SSO software)."
A,SAP Solution Sales Configuration,https://www.sap.com/uk/products/financial-management/solution-sales-configuration.html,Cloud-based solution configuration engine running on SAP BTP and integrated tightly with SAP CPQ quoting flows.
A,SAP Sovereign Cloud,https://www.sap.com/uk/products/security-and-sovereignty.html,"Adopt the cloud on your terms with SAP Sovereign Cloud—secure, compliant, and locally controlled to meet your legal, regulatory, and operational needs."
A,SAP Sports One,https://www.sap.com/uk/products/data-cloud/sports-one.html,"Take your professional soccer, ice hockey, basketball, handball, skiing, or rugby team to the next level with SAP Sports One – our sports performance and team management software."
A,SAP SQL Anywhere,https://www.sap.com/uk/products/data-cloud/sql-anywhere.html,"Rapidly design and deploy embedded database applications that run remotely on servers, laptops, handhelds, and smartphones with SAP SQL Anywhere relational database management system (RDBMS) solutions."
A,SAP Student Lifecycle Management for SAP S/4HANA Cloud Private Edition,https://www.sap.com/uk/products/erp/student-lifecycle-management-for-sap-s4hana-cloud-private-edition.html,"SAP Student Lifecycle Management, managing the student lifecycle from admission to graduation, along with full student accounting capabilities"
A,SAP Subscription Billing,https://www.sap.com/uk/products/financial-management/subscription-billing.html,"Run simplified, automated billing and ordering processes designed for experience-centric consumers by using the SAP Subscription Billing solution."
A,SAP SuccessFactors Compensation,https://www.sap.com/uk/products/hcm/compensation-management.html,"Attract, motivate, and retain a highly skilled, diverse, and global workforce with SAP SuccessFactors Compensation software."
A,SAP SuccessFactors Document Management,https://www.sap.com/uk/products/hcm/intelligent-document-management.html,Organise employee records and enable intelligent document management with the SAP SuccessFactors Document Management Core application by OpenText.
A,SAP SuccessFactors Employee Central,https://www.sap.com/uk/products/hcm/employee-central-hris.html,"SAP SuccessFactors Employee Central is a flexible, cloud-based human resource information system (HRIS), designed to help you manage your workforce."
A,SAP SuccessFactors Employee Central Payroll,https://www.sap.com/uk/products/hcm/employee-central-payroll.html,"This payroll software from SAP automates and accelerates payment processing, reducing the risk of errors and simplifying payroll management."
A,SAP SuccessFactors Enterprise Service Management,https://www.sap.com/uk/products/hcm/enterprise-service-management.html,"Transform your enterprise with an innovative HR service delivery solution that improves efficiency, satisfaction, and HR service management processes."
A,SAP SuccessFactors Learning,https://www.sap.com/uk/products/hcm/corporate-lms.html,Inspire a culture of continuous collaboration and learning with SAP SuccessFactors Learning software. Boost organisational strength with the right skills.
A,SAP SuccessFactors Onboarding,https://www.sap.com/uk/products/hcm/employee-onboarding.html,Get an overview of how the SAP SuccessFactors Onboarding solution can initiate positive change in your organisation.
A,SAP SuccessFactors Performance & Goals,https://www.sap.com/uk/products/hcm/performance-goals.html,Build high-performing teams and align your strategies and goals with our employee performance management software.
A,SAP SuccessFactors Talent Management,https://www.sap.com/uk/products/hcm/talent-management.html,"Enhance employee skills for the future with SAP's integrated TMS (talent management system), optimising the employee experience while building core capabilities"
A,SAP SuccessFactors Time Tracking,https://www.sap.com/uk/products/hcm/employee-time-tracking-software.html,"Provide employees with self-service time and attendance tracking and a simple, accurate time sheet with the SAP SuccessFactors Time Tracking solution."
A,SAP SuccessFactors Work Zone,https://www.sap.com/uk/products/hcm/workzone-hr.html,"Use the SAP SuccessFactors Work Zone solution to deliver personalised, curated employee experiences and enhance productivity through self-service."
A,SAP Sustainability Control Tower,https://www.sap.com/uk/products/scm/sustainability-control-tower.html,"Establish holistic steering and reporting of environmental, social, and corporate governance (ESG) with the SAP Sustainability Control Tower solution."
A,SAP Sustainability Data Exchange,https://www.sap.com/uk/products/business-network/sustainability-data-exchange.html,"Discover SAP Sustainability Data Exchange, a cloud-based solution for secure, standardized sustainability data sharing. Improve ESG transparency, reduce carbon emissions, and meet regulatory requirements with ease."
A,SAP Territory and Quota,https://www.sap.com/uk/products/crm/territory-and-quota.html,Streamline the sales planning process by automating territory and quota management with the SAP Territory and Quota solution.
A,SAP Test Automation by Tricentis,https://www.sap.com/uk/products/technology-platform/test-automation.html,"Expert test automation that streamlines release cycles, minimises risks, and enhances quality. Leverage AI for smarter software testing and quality assurance, realising significant operational benefits."
A,SAP Time and Attendance Management,https://www.sap.com/uk/products/hcm/time-attendance-management-by-workforce.html,"Create workforce satisfaction with SAP Time and Attendance Management, which supports smart, efficient scheduling based on your company’s unique needs."
A,SAP Trade Management,https://www.sap.com/uk/products/crm/trade-management.html,"Benefit from a holistic, integrated approach to cover everything from headquarters target settings to execution with the SAP Trade Management solution."
A,SAP Transportation Management,https://www.sap.com/uk/products/scm/transportation-logistics.html,"Consolidate orders and maximise the return on your transportation spend with our transportation management system for freight, shipping, and logistics."
A,SAP U.S. Benefits Administration by Benefitfocus,https://www.sap.com/uk/products/hcm/benefits-management.html,"Streamline benefits enrollment, employee communication, and administration for U.S.-based employees with SAP U.S. Benefits Administration by Benefitfocus."
A,SAP User Experience Management by Knoa,https://www.sap.com/uk/products/hcm/knoa-user-experience.html,Improve the efficiency of your software and the people who use it with actionable information pulled from user experience management software from SAP.
A,SAP Utilities Core foundation,https://www.sap.com/uk/products/technology-platform/utilities-core-foundation.html,"Simplifies and automates Distributed Energy Resources and metering data management, ensuring accuracy and seamless integration across utility systems."
A,SAP Variant Configuration and Pricing,https://www.sap.com/uk/products/crm/variant-configuration-and-pricing.html,"Simplify product complexity with SAP Variant Configuration & Pricing—comprehensive setup guidance for flexible, scalable pricing models."
A,SAP Vendor Program Management by Vistex,https://www.sap.com/uk/products/crm/vendor-program-management.html,Learn how the SAP Vendor Program Management solution by Vistex helps businesses capture new revenue and collect owed income for improved vendor management and purchasing.
A,SAP Watch List Screening,https://www.sap.com/uk/products/financial-management/watch-list-screening.html,"Improve vendor compliance and reduce risk exposure with our restricted party screening software, SAP Watch List Screening."
A,SAP Workforce Forecasting and Scheduling by WorkForce Software,https://www.sap.com/uk/products/hcm/workforce-forecasting-scheduling.html,Optimise employee productivity when planning for business needs with the SAP Workforce Forecasting and Scheduling application by WorkForce Software.
A,SAP Yard Logistics,https://www.sap.com/uk/products/scm/yard-logistics.html,"Run more efficient truck, container, and rail yard operations with SAP Yard Logistics, our yard management system."
A,SmartRecruiters for SAP SuccessFactors,https://www.sap.com/uk/products/hcm/recruiting-software.html,"Hire the best talent with SAP SuccessFactors Recruiting software, an AI-enabled solution that supports all your talent acquisition needs."
A,Spend Analytics Software,https://www.sap.com/uk/products/spend-management/spend-analytics-software.html,Make decisions with AI-powered spend analytics software. Transform data into knowledge to cuts costs and drive strategic initiatives. Request a demo!
A,Spot Buy Capability,https://www.sap.com/uk/products/spend-management/procure-to-pay/features/spot-buy.html,See how the Spot Buy capability enables effective tail spend management by providing a simple and controlled way to buy from suppliers.
A,Total Workforce Management,https://www.sap.com/uk/products/hcm/total-workforce-management.html,"SAP SuccessFactors and SAP Fieldglass solutions work together to help you create a dynamic, flexible workforce that can adapt almost instantly."
A,UI data protection logging,https://www.sap.com/uk/products/financial-management/ui-data-protection-logging.html,"Use UI logging for visibility into user activity, helping teams protect sensitive data, fulfill legal requirements, and detect potential misuse."
A,UI data protection masking,https://www.sap.com/uk/products/financial-management/ui-data-protection-masking.html,"Safeguard sensitive SAP data with configurable field masking, blocking, and attribute-based authorization controls."
A,WalkMe for SAP SuccessFactors HCM,https://www.sap.com/uk/products/hcm/walkme.html,Learn how a digital adoption platform can enhance your business’s operational efficiency by streamlining software adoption and boosting employee productivity.
A,WalkMe Premium for SAP CX,https://www.sap.com/uk/products/crm/walkme.html,"Deliver real business value by embedding guidance, automation, and insights into SAP CX workflows with WalkMe’s Digital Adoption Platform."
